distrito_nombre,seccion_nombre,FRENTE DE IZQUIERDA Y DE TRABAJADORES - UNIDAD,HACEMOS POR NUESTRO PAIS,JUNTOS POR EL CAMBIO,LA LIBERTAD AVANZA,UNION POR LA PATRIA
Buenos Aires,25 de Mayo,351,1058,7709,7166,7681
Buenos Aires,9 de Julio,720,1753,11177,10223,9028
Buenos Aires,Adolfo Alsina,169,599,3426,3422,2611
Buenos Aires,Adolfo Gonzales Chaves,119,438,1934,2312,2991
Buenos Aires,Alberti,123,356,2268,2179,2710
Buenos Aires,Almirante Brown,15165,12191,63045,79349,173547
Buenos Aires,Arrecifes,252,1073,5334,5902,6993
Buenos Aires,Avellaneda,8370,6563,53651,45868,110106
Buenos Aires,Ayacucho,297,868,4253,3623,4332
Buenos Aires,Azul,1095,2807,11662,13076,14306
Buenos Aires,Bahía Blanca,7387,8270,55366,60996,52967
Buenos Aires,Balcarce,575,1942,9986,10100,7835
Buenos Aires,Baradero,453,1232,4576,6227,10528
Buenos Aires,Benito Juárez,304,768,2770,3749,5471
Buenos Aires,Berazategui,9382,7307,39351,54563,103047
Buenos Aires,Berisso,2306,2028,13605,14244,29945
Buenos Aires,Bolívar,461,1041,7832,6948,7817
Buenos Aires,Bragado,450,1622,8341,7832,9593
Buenos Aires,Brandsen,387,931,5778,5890,7628
Buenos Aires,Campana,2106,2199,19820,17199,23910
Buenos Aires,Capitán Sarmiento,175,703,3408,3467,2783
Buenos Aires,Carlos Casares,303,761,4143,5221,4746
Buenos Aires,Carlos Tejedor,148,347,2531,1825,3402
Buenos Aires,Carmen de Areco,133,576,2745,3285,4050
Buenos Aires,Castelli,86,241,1760,1572,2593
Buenos Aires,Cañuelas,1323,1431,8013,10819,16412
Buenos Aires,Chacabuco,765,2007,8128,10193,13379
Buenos Aires,Chascomús,595,1503,8714,7139,8367
Buenos Aires,Chivilcoy,780,5925,10400,12573,15845
Buenos Aires,Colón,307,1207,4138,4343,6826
Buenos Aires,Coronel Dorrego,174,418,3755,3139,3030
Buenos Aires,Coronel Pringles,380,647,4597,5007,3534
Buenos Aires,Coronel Suárez,720,2100,7173,8533,7095
Buenos Aires,Coronel de Marina L. Rosales,890,1637,12037,15121,7485
Buenos Aires,Daireaux,154,375,3619,3614,3768
Buenos Aires,Dolores,228,657,7151,5415,6506
Buenos Aires,Ensenada,1629,1088,7665,9447,24388
Buenos Aires,Escobar,5274,5403,29676,44742,63308
Buenos Aires,Esteban Echeverría,7584,6367,35116,49147,82369
Buenos Aires,Exaltación de la Cruz,569,1149,6269,8142,8363
Buenos Aires,Ezeiza,4084,3339,17902,32832,51731
Buenos Aires,Florencio Varela,10133,7330,31242,59727,138034
Buenos Aires,Florentino Ameghino,73,153,2186,1667,2184
Buenos Aires,General Alvarado,773,1020,8514,7897,10489
Buenos Aires,General Alvear,50,233,2461,1919,2202
Buenos Aires,General Arenales,118,510,3912,3776,3297
Buenos Aires,General Belgrano,211,546,4507,3356,4169
Buenos Aires,General Guido,24,84,740,402,968
Buenos Aires,General Juan Madariaga,402,707,4604,4216,3932
Buenos Aires,General La Madrid,113,282,2195,2153,1998
Buenos Aires,General Las Heras,275,470,2924,2822,4694
Buenos Aires,General Lavalle,50,102,1328,1020,1233
Buenos Aires,General Paz,149,245,2429,2593,3726
Buenos Aires,General Pinto,121,256,2395,2183,3248
Buenos Aires,General Pueyrredón,14925,16320,121752,113464,140990
Buenos Aires,General Rodríguez,2153,1985,12543,19316,31331
Buenos Aires,General San Martín,10200,8584,62941,63294,113590
Buenos Aires,General Viamonte,204,545,3871,3284,4549
Buenos Aires,General Villegas,172,1427,5773,6720,4417
Buenos Aires,Guaminí,113,262,2292,2099,2839
Buenos Aires,Hipólito Yrigoyen,88,265,1865,1777,2089
Buenos Aires,Hurlingham,4978,3920,27228,29293,54804
Buenos Aires,Ituzaingó,4688,4168,29404,26170,49586
Buenos Aires,José C. Paz,7221,5206,24765,43166,92431
Buenos Aires,Junín,1412,3942,18367,17067,21918
Buenos Aires,La Costa,2058,2758,14798,17435,19645
Buenos Aires,La Matanza,35022,25429,131684,178951,422105
Buenos Aires,La Plata,16797,14317,129295,97324,171174
Buenos Aires,Lanús,11609,8784,75390,58031,131751
Buenos Aires,Laprida,113,230,2143,2047,2974
Buenos Aires,Las Flores,407,938,4539,4878,5881
Buenos Aires,Leandro N. Alem,160,547,3136,3536,4450
Buenos Aires,Lezama,70,164,1431,1067,1203
Buenos Aires,Lincoln,558,1477,9790,8263,8687
Buenos Aires,Lobería,176,495,3306,3209,3640
Buenos Aires,Lobos,494,1356,8375,6963,7351
Buenos Aires,Lomas de Zamora,15635,11925,84525,85401,195846
Buenos Aires,Luján,2254,2580,19909,19762,26535
Buenos Aires,Magdalena,227,395,3523,2906,3442
Buenos Aires,Maipú,122,237,3188,1929,2750
Buenos Aires,Malvinas Argentinas,9019,6633,34784,56008,108950
Buenos Aires,Mar Chiquita,687,844,5845,6524,9142
Buenos Aires,Marcos Paz,1009,1341,6340,8959,18885
Buenos Aires,Mercedes,1309,1552,13725,12947,15840
Buenos Aires,Merlo,13432,9629,48504,75188,161408
Buenos Aires,Monte,307,742,4842,4181,4882
Buenos Aires,Monte Hermoso,141,234,1417,1867,2672
Buenos Aires,Moreno,10816,8105,38583,68498,139547
Buenos Aires,Morón,8744,7912,61878,48000,85720
Buenos Aires,Navarro,112,489,3686,3824,3872
Buenos Aires,Necochea,1691,3362,18124,20030,17361
Buenos Aires,Olavarría,2284,4834,18903,23314,24134
Buenos Aires,Patagones,485,922,5685,6616,7253
Buenos Aires,Pehuajó,534,1276,7828,7752,9655
Buenos Aires,Pellegrini,39,154,1510,1406,1190
Buenos Aires,Pergamino,1352,4220,21934,21187,20299
Buenos Aires,Pila,31,109,688,850,1082
Buenos Aires,Pilar,6617,6631,42954,62486,90537
Buenos Aires,Pinamar,551,862,5968,7653,6076
Buenos Aires,Presidente Perón,2037,1555,6803,13499,27430
Buenos Aires,Puan,201,671,3794,3528,2232
Buenos Aires,Punta Indio,190,300,2116,2037,2580
Buenos Aires,Quilmes,13171,10075,83457,81488,177161
Buenos Aires,Ramallo,391,1168,6229,6592,9182
Buenos Aires,Rauch,187,619,3061,2748,4015
Buenos Aires,Rivadavia,141,459,3867,3996,3346
Buenos Aires,Rojas,275,1121,5365,4745,4407
Buenos Aires,Roque Pérez,132,393,3120,2376,2919
Buenos Aires,Saavedra,247,850,4072,4697,3034
Buenos Aires,Saladillo,368,1112,7113,7145,6153
Buenos Aires,Salliqueló,62,264,2038,1612,2093
Buenos Aires,Salto,470,1463,5949,7403,7697
Buenos Aires,San Andrés de Giles,281,952,4231,4851,5462
Buenos Aires,San Antonio de Areco,372,700,5359,4658,4977
Buenos Aires,San Cayetano,57,276,2330,1619,1314
Buenos Aires,San Fernando,3530,2989,25862,25623,45000
Buenos Aires,San Isidro,6219,6626,85782,49062,57708
Buenos Aires,San Miguel,7081,5514,49453,48338,75578
Buenos Aires,San Nicolás,2801,5575,25752,28245,33112
Buenos Aires,San Pedro,742,2784,9916,13229,14392
Buenos Aires,San Vicente,1386,1464,8264,12616,24691
Buenos Aires,Suipacha,104,234,2430,2099,3018
Buenos Aires,Tandil,2478,6019,25805,25659,25405
Buenos Aires,Tapalqué,53,211,2173,1729,2368
Buenos Aires,Tigre,9691,8263,60506,67521,104456
Buenos Aires,Tordillo,13,32,590,513,751
Buenos Aires,Tornquist,246,662,2993,3860,3295
Buenos Aires,Trenque Lauquen,618,1799,9594,9368,8571
Buenos Aires,Tres Arroyos,1002,2569,10639,11083,13193
Buenos Aires,Tres Lomas,72,260,1489,1421,1747
Buenos Aires,Tres de Febrero,8993,7142,59827,51717,87587
Buenos Aires,Vicente López,5980,5914,75960,38616,48940
Buenos Aires,Villa Gesell,573,1049,5829,6709,8250
Buenos Aires,Villarino,283,749,4692,8034,3961
Buenos Aires,Zárate,2062,2652,18271,20380,30980
Catamarca,Ambato,27,150,647,846,1965
Catamarca,Ancasti,28,74,914,252,893
Catamarca,Andalgalá,154,430,2700,3102,4652
Catamarca,Antofagasta de la Sierra,18,38,270,356,380
Catamarca,Belén,154,627,4366,4689,7512
Catamarca,Capayán,131,395,1132,2794,5331
Catamarca,Capital,2121,8273,15264,34447,35237
Catamarca,El Alto,29,85,548,562,1950
Catamarca,Fray Mamerto Esquiú,90,465,1288,2575,2989
Catamarca,La Paz,123,562,1750,3397,8411
Catamarca,Paclín,30,97,661,776,1976
Catamarca,Pomán,44,249,869,1831,3888
Catamarca,Santa María,187,1065,2313,5734,5761
Catamarca,Santa Rosa,64,259,1039,2289,4644
Catamarca,Tinogasta,106,598,2941,4012,6106
Catamarca,Valle Viejo,360,1600,3258,6908,7917
Chaco,12 de Octubre,105,509,2876,3623,6866
Chaco,1º de Mayo,92,302,2674,2835,4308
Chaco,2 de Abril,37,154,1026,1534,1957
Chaco,25 de Mayo,125,595,3870,4320,10337
Chaco,9 de Julio,120,672,4216,4560,8031
Chaco,Almirante Brown,97,560,4796,4611,11031
Chaco,Bermejo,130,375,4003,3651,10013
Chaco,Chacabuco,156,1030,6622,5607,7214
Chaco,Comandante Fernández,468,3044,16180,20013,22407
Chaco,Fray Justo Santa María de Oro,38,247,1911,1816,2729
Chaco,General Belgrano,36,180,1083,1529,4437
Chaco,General Donovan,78,308,2297,2838,4775
Chaco,General Güemes,187,1075,8967,9779,26190
Chaco,Independencia,57,293,2026,3372,7253
Chaco,Libertad,78,254,2741,2872,3982
Chaco,Libertador General San Martín,373,867,8441,9213,21467
Chaco,Maipú,117,420,2915,3897,7295
Chaco,Mayor Luis J. Fontana,361,2213,7833,11299,15552
Chaco,O'Higgins,67,405,1835,3313,7489
Chaco,Presidencia de la Plaza,37,231,1932,1844,3914
Chaco,Quitilipi,68,752,5021,5498,8706
Chaco,San Fernando,2508,10778,73064,84828,102150
Chaco,San Lorenzo,80,250,1738,1981,5689
Chaco,Sargento Cabral,62,240,3094,2296,6123
Chaco,Tapenagá,5,50,595,467,1047
Chubut,Biedma,2873,4440,10109,22973,17589
Chubut,Cushamen,929,800,3279,4488,8274
Chubut,Escalante,4694,9047,25295,43371,39886
Chubut,Florentino Ameghino,31,68,141,406,323
Chubut,Futaleufú,1427,2356,6769,9087,9789
Chubut,Gaiman,274,549,1795,3054,2114
Chubut,Gastre,16,37,78,189,224
Chubut,Languiñeo,61,120,310,500,700
Chubut,Mártires,7,28,75,133,128
Chubut,Paso de Indios,15,48,224,301,399
Chubut,Rawson,4354,8200,19405,30486,26207
Chubut,Río Senguer,88,126,818,993,1231
Chubut,Sarmiento,223,513,1474,3123,2409
Chubut,Tehuelches,92,159,772,980,1269
Chubut,Telsen,38,64,173,213,278
Ciudad Autónoma de Buenos Aires,Comuna 01,3981,3230,45975,25657,38645
Ciudad Autónoma de Buenos Aires,Comuna 02,1912,2250,57022,17875,19225
Ciudad Autónoma de Buenos Aires,Comuna 03,4571,3362,39075,23562,38993
Ciudad Autónoma de Buenos Aires,Comuna 04,5586,4211,39963,29077,51401
Ciudad Autónoma de Buenos Aires,Comuna 05,4814,3675,43259,20595,42504
Ciudad Autónoma de Buenos Aires,Comuna 06,4208,3698,54873,20043,39230
Ciudad Autónoma de Buenos Aires,Comuna 07,4863,4193,48420,28137,44622
Ciudad Autónoma de Buenos Aires,Comuna 08,4285,3238,26068,27845,43136
Ciudad Autónoma de Buenos Aires,Comuna 09,4578,4047,37413,25544,39233
Ciudad Autónoma de Buenos Aires,Comuna 10,4719,4164,41986,23062,37457
Ciudad Autónoma de Buenos Aires,Comuna 11,5061,4588,54758,25858,41468
Ciudad Autónoma de Buenos Aires,Comuna 12,5307,5013,64831,27422,45856
Ciudad Autónoma de Buenos Aires,Comuna 13,3887,4321,87321,27643,37526
Ciudad Autónoma de Buenos Aires,Comuna 14,3613,3621,80939,25920,35459
Ciudad Autónoma de Buenos Aires,Comuna 15,4760,3996,45464,21184,46077
Corrientes,Bella Vista,238,892,7192,6427,11359
Corrientes,Berón de Astrada,12,33,845,479,651
Corrientes,Capital,3317,6272,87094,77547,66176
Corrientes,Concepción,122,282,4342,3244,6938
Corrientes,Curuzú Cuatiá,317,1211,8297,7167,11700
Corrientes,Empedrado,109,235,3753,2729,4516
Corrientes,Esquina,124,741,5302,4769,11077
Corrientes,General Alvear,26,111,1779,983,2064
Corrientes,General Paz,80,193,4132,2151,4613
Corrientes,Goya,591,1923,17451,12506,29289
Corrientes,Itatí,31,92,3028,1503,2482
Corrientes,Ituzaingó,249,755,9595,8305,8779
Corrientes,Lavalle,119,418,5158,4123,11437
Corrientes,Mburucuyá,48,92,2363,1118,3632
Corrientes,Mercedes,263,1088,7863,8116,11095
Corrientes,Monte Caseros,279,912,6657,7495,9906
Corrientes,Paso de los Libres,312,945,8666,8111,14235
Corrientes,Saladas,114,269,5120,3317,7590
Corrientes,San Cosme,168,357,8121,5462,4038
Corrientes,San Luis del Palmar,115,255,5790,3015,5274
Corrientes,San Martín,81,166,3145,1925,3481
Corrientes,San Miguel,51,113,1883,1287,4586
Corrientes,San Roque,87,182,3837,2448,7423
Corrientes,Santo Tomé,423,1358,11446,12794,14822
Corrientes,Sauce,39,223,1660,895,2877
Córdoba,Calamuchita,707,14038,9668,14708,7061
Córdoba,Capital,14031,250854,202260,275445,107327
Córdoba,Colón,2858,54238,43337,68074,23333
Córdoba,Cruz del Eje,445,12113,6133,8945,10456
Córdoba,General Roca,189,5364,5028,7983,2671
Córdoba,General San Martín,1198,24002,20551,30064,15371
Córdoba,Ischilín,239,7739,3468,7032,3813
Córdoba,Juárez Celman,436,12171,8377,16599,4768
Córdoba,Marcos Juárez,691,16296,18171,23803,9236
Córdoba,Minas,21,1479,542,670,592
Córdoba,Pocho,27,1274,773,733,454
Córdoba,Presidente Roque Sáenz Peña,223,6522,5926,7793,2940
Córdoba,Punilla,2468,38419,31101,45116,20771
Córdoba,Río Cuarto,2018,46613,36379,59306,22474
Córdoba,Río Primero,242,10129,7389,12889,3611
Córdoba,Río Seco,72,3079,1819,2813,1414
Córdoba,Río Segundo,668,22308,16950,27605,7078
Córdoba,San Alberto,513,10097,4710,8604,4679
Córdoba,San Javier,764,10096,6935,12536,8994
Córdoba,San Justo,1296,43321,30115,50740,17110
Córdoba,Santa María,1135,27192,18002,29387,10561
Córdoba,Sobremonte,20,1156,1011,496,316
Córdoba,Tercero Arriba,733,23892,17762,25833,9063
Córdoba,Totoral,84,3868,3704,5207,1585
Córdoba,Tulumba,67,3293,1902,2501,1146
Córdoba,Unión,750,16164,17239,24965,11192
Entre Ríos,Colón,775,3046,12670,13681,12917
Entre Ríos,Concordia,1800,5065,28380,31451,41478
Entre Ríos,Diamante,321,1944,9894,10284,8081
Entre Ríos,Federación,609,1683,17198,16004,14166
Entre Ríos,Federal,123,546,5199,4494,7777
Entre Ríos,Feliciano,76,294,2846,2215,4761
Entre Ríos,Gualeguay,555,1993,10665,11355,9594
Entre Ríos,Gualeguaychú,1342,3787,25177,24122,22989
Entre Ríos,Islas del Ibicuy,39,183,2736,2073,3386
Entre Ríos,La Paz,441,1756,12375,10217,19430
Entre Ríos,Nogoyá,330,1343,7179,7483,7590
Entre Ríos,Paraná,3890,14186,72251,68589,73946
Entre Ríos,San Salvador,107,630,3762,3849,4032
Entre Ríos,Tala,224,873,5647,5070,5941
Entre Ríos,Uruguay,1479,4299,19975,20271,22179
Entre Ríos,Victoria,268,1662,5989,7684,7365
Entre Ríos,Villaguay,381,1430,8569,8798,11218
Formosa,Bermejo,30,95,974,1808,6660
Formosa,Formosa,1614,5531,28113,56494,67231
Formosa,Laishí,66,232,1685,3602,7450
Formosa,Matacos,36,143,678,2113,6942
Formosa,Patiño,243,609,6554,10931,28246
Formosa,Pilagás,95,158,1225,2920,8402
Formosa,Pilcomayo,359,1086,7895,14313,32787
Formosa,Pirané,304,879,7161,10637,22640
Formosa,Ramón Lista,25,60,812,1093,6871
Jujuy,Cochinoca,813,660,863,2850,2949
Jujuy,Dr. Manuel Belgrano,6453,13505,39727,68530,47278
Jujuy,El Carmen,1818,3996,12815,30873,18304
Jujuy,Humahuaca,948,1038,1248,3532,4244
Jujuy,Ledesma,1466,3066,8133,17708,21992
Jujuy,Palpalá,1625,3561,6732,14010,11221
Jujuy,Rinconada,31,38,172,274,540
Jujuy,San Antonio,112,266,1256,1874,1286
Jujuy,San Pedro,1072,2753,11226,15735,20451
Jujuy,Santa Bárbara,124,269,3151,3258,5337
Jujuy,Santa Catalina,42,45,434,472,775
Jujuy,Susques,140,109,328,716,839
Jujuy,Tilcara,506,468,1229,2972,3696
Jujuy,Tumbaya,152,144,1040,1205,1493
Jujuy,Valle Grande,8,9,198,83,266
Jujuy,Yavi,696,848,1543,4829,5356
La Pampa,Atreucó,114,531,2240,2606,2373
La Pampa,Caleu Caleu,117,117,278,596,644
La Pampa,Capital,2115,5851,14386,20923,29748
La Pampa,Catriló,64,274,1006,2158,2182
La Pampa,Chalileo,45,89,279,654,916
La Pampa,Chapaleufú,127,611,2091,3193,2454
La Pampa,Chical Có,17,48,197,327,446
La Pampa,Conhelo,161,678,2119,3520,3596
La Pampa,Curacó,17,20,82,147,381
La Pampa,Guatraché,122,402,1781,2204,1247
La Pampa,Hucal,82,456,1496,1906,1350
La Pampa,Lihuel Calel,3,12,42,61,70
La Pampa,Limay Mahuida,0,2,12,35,60
La Pampa,Loventué,137,360,1222,1914,2561
La Pampa,Maracó,1103,3467,9506,15417,12925
La Pampa,Puelén,118,573,1091,3165,1994
La Pampa,Quemú Quemú,132,420,1905,1974,1479
La Pampa,Rancul,103,435,1551,2141,2328
La Pampa,Realicó,148,865,3185,4074,3374
La Pampa,Toay,300,840,2138,4107,4435
La Pampa,Trenel,36,263,685,1323,1631
La Pampa,Utracán,183,633,2619,3896,3035
La Rioja,Arauco,60,524,875,4174,4503
La Rioja,Capital,1324,12365,16661,52122,47197
La Rioja,Castro Barros,26,211,431,1176,2326
La Rioja,Chamical,58,869,1152,3283,4181
La Rioja,Chilecito,318,2960,3993,14366,12560
La Rioja,Coronel Felipe Varela,67,399,685,2354,3715
La Rioja,Famatina,46,278,563,1309,2157
La Rioja,General Belgrano,22,482,658,1610,2105
La Rioja,General Juan Facundo Quiroga,27,237,279,748,1277
La Rioja,General Lamadrid,9,49,109,416,897
La Rioja,General Ortiz de Ocampo,33,291,350,1202,3222
La Rioja,General San Martín,25,186,315,787,1805
La Rioja,Independencia,17,93,163,418,1278
La Rioja,Rosario Vera Peñaloza,92,764,805,2583,5112
La Rioja,San Blas de los Sauces,26,123,373,882,1408
La Rioja,Sanagasta,19,174,213,743,1458
La Rioja,Vinchina,8,97,196,474,992
La Rioja,Ángel Vicente Peñaloza,12,77,154,589,1219
Mendoza,Capital,2484,2437,28056,24730,15281
Mendoza,General Alvear,578,2535,6733,9559,8017
Mendoza,Godoy Cruz,4913,4813,38811,44037,25080
Mendoza,Guaymallén,6953,6921,49054,76488,36683
Mendoza,Junín,1058,1292,7329,13458,6062
Mendoza,La Paz,64,146,1838,1997,3303
Mendoza,Las Heras,5031,5188,28558,51855,32352
Mendoza,Lavalle,854,968,3966,11129,9877
Mendoza,Luján de Cuyo,3040,3433,25965,39208,16552
Mendoza,Maipú,4560,4943,26099,54651,26806
Mendoza,Malargüe,376,1255,3273,7054,5438
Mendoza,Rivadavia,1101,1399,8200,15521,9020
Mendoza,San Carlos,683,959,4279,11368,4978
Mendoza,San Martín,2400,3057,18483,28821,18482
Mendoza,San Rafael,2612,5859,23921,48032,30040
Mendoza,Santa Rosa,247,347,2021,4194,4829
Mendoza,Tunuyán,1008,1478,6210,15808,8480
Mendoza,Tupungato,610,928,3679,11457,4460
Misiones,25 de Mayo,172,464,1399,6579,8936
Misiones,Apóstoles,374,1099,4774,11542,10761
Misiones,Cainguás,406,1356,3028,15416,14278
Misiones,Candelaria,266,846,3033,8236,9362
Misiones,Capital,3108,10642,45084,89756,70709
Misiones,Concepción,56,206,1439,1698,2461
Misiones,Eldorado,1354,2339,5991,22055,19934
Misiones,General Manuel Belgrano,330,873,2151,12297,10382
Misiones,Guaraní,451,1344,3399,18292,17819
Misiones,Iguazú,761,2287,7268,25901,19478
Misiones,Leandro N. Alem,331,1323,4343,14587,11443
Misiones,Libertador General San Martín,329,1218,3837,14202,11580
Misiones,Montecarlo,362,1019,2542,9374,9310
Misiones,Oberá,867,2671,9123,29977,27163
Misiones,San Ignacio,357,1290,4621,14618,16015
Misiones,San Javier,140,375,1781,5116,6230
Misiones,San Pedro,372,614,974,5983,9201
Neuquén,Aluminé,274,442,1054,1952,2425
Neuquén,Añelo,291,437,1035,5513,3985
Neuquén,Catán Lil,50,80,131,183,605
Neuquén,Chos Malal,404,745,2178,3011,3553
Neuquén,Collón Curá,88,243,495,922,1092
Neuquén,Confluencia,15565,16202,59268,104272,89099
Neuquén,Huiliches,585,817,2352,3474,4222
Neuquén,Loncopué,148,330,658,1453,1845
Neuquén,Los Lagos,414,629,2504,3244,2307
Neuquén,Lácar,1245,1484,6674,8185,6080
Neuquén,Minas,248,421,900,1574,2000
Neuquén,Pehuenches,361,991,1751,8203,5106
Neuquén,Picunches,106,245,1157,1838,1295
Neuquén,Picún Leufú,123,218,371,990,1391
Neuquén,Zapala,1214,1747,5909,9694,7938
Neuquén,Ñorquín,122,184,490,886,1567
Río Negro,25 de Mayo,231,346,1139,2184,4200
Río Negro,9 de Julio,30,74,194,555,1239
Río Negro,Adolfo Alsina,1517,2680,8797,13423,16156
Río Negro,Avellaneda,619,1366,3799,8719,9353
Río Negro,Bariloche,4859,7577,18494,25169,36657
Río Negro,Conesa,104,214,686,1572,1496
Río Negro,El Cuy,121,100,269,710,1143
Río Negro,General Roca,8944,12365,38998,83233,80004
Río Negro,Pichi Mahuida,268,635,1985,3240,3296
Río Negro,Pilcaniyeu,236,404,1192,1586,2753
Río Negro,San Antonio,632,1553,3551,6783,7995
Río Negro,Valcheta,74,129,425,751,1297
Río Negro,Ñorquinco,14,39,80,112,546
Salta,Anta,253,1148,3945,11863,16596
Salta,Cachi,94,226,761,2244,2058
Salta,Cafayate,189,929,1199,3748,4018
Salta,Capital,8091,26430,57663,146818,96286
Salta,Cerrillos,593,2091,4304,15011,10195
Salta,Chicoana,193,782,1968,6755,4574
Salta,General Güemes,514,1671,3580,12719,13032
Salta,General José de San Martín,907,3095,8236,29339,50297
Salta,Guachipas,21,89,322,1038,924
Salta,Iruya,2,28,40,463,717
Salta,La Caldera,215,685,2191,4897,3363
Salta,La Candelaria,32,162,380,1449,1816
Salta,La Poma,11,48,63,361,588
Salta,La Viña,41,278,628,2363,2158
Salta,Los Andes,87,239,291,1792,1737
Salta,Metán,305,1945,3358,9378,10400
Salta,Molinos,18,86,329,1442,1779
Salta,Orán,1128,4287,9393,33405,34550
Salta,Rivadavia,86,193,634,3000,12036
Salta,Rosario de Lerma,501,1986,4494,13208,9742
Salta,Rosario de la Frontera,177,1374,2440,5798,8092
Salta,San Carlos,64,185,386,1413,2290
Salta,Santa Victoria,11,33,79,611,508
San Juan,25 de Mayo,208,511,1626,3339,4876
San Juan,9 de Julio,162,336,1172,2715,2623
San Juan,Albardón,379,875,2701,6489,5869
San Juan,Angaco,139,319,1143,2175,2057
San Juan,Calingasta,121,289,1281,2169,1740
San Juan,Capital,1337,4310,24955,22204,15810
San Juan,Caucete,515,1307,4149,7383,10373
San Juan,Chimbas,1352,3319,8590,19246,19800
San Juan,Iglesia,111,296,1347,1989,1675
San Juan,Jáchal,336,894,2826,3709,7620
San Juan,Pocito,884,2214,5575,14692,12678
San Juan,Rawson,1847,5434,14085,27288,23744
San Juan,Rivadavia,1246,3659,16550,19130,16337
San Juan,San Martín,179,594,1163,2929,3506
San Juan,Santa Lucía,725,1947,10703,11641,8632
San Juan,Sarmiento,245,643,3439,5353,5095
San Juan,Ullum,90,0,388,907,2057
San Juan,Valle Fértil,80,318,1012,1455,1660
San Juan,Zonda,69,162,413,1008,1371
San Luis,Ayacucho,200,727,2427,5205,5226
San Luis,Belgrano,56,121,661,963,1059
San Luis,Chacabuco,246,1113,2957,6584,4792
San Luis,Coronel Pringles,135,404,1976,3982,3157
San Luis,General Pedernera,1763,5807,19622,41110,21472
San Luis,Gobernador Dupuy,90,247,1617,3576,2834
San Luis,Juan Martín de Pueyrredón,3896,8903,31565,66623,39736
San Luis,Junín,541,2553,5322,9171,6895
San Luis,Libertador General San Martín,37,142,677,1037,1510
Santa Cruz,Corpen Aike,176,468,1090,3177,3077
Santa Cruz,Deseado,1857,5410,8655,23619,23700
Santa Cruz,Güer Aike,1833,3754,13997,24359,26160
Santa Cruz,Lago Argentino,616,766,1985,4759,6212
Santa Cruz,Lago Buenos Aires,176,283,854,2581,2864
Santa Cruz,Magallanes,184,476,1141,2867,1837
Santa Cruz,Río Chico,106,154,379,988,1212
Santa Fe,9 de Julio,172,1130,4029,7342,5278
Santa Fe,Belgrano,333,4093,8272,10957,6038
Santa Fe,Caseros,899,7131,15939,18238,11612
Santa Fe,Castellanos,1350,16537,33085,39564,21353
Santa Fe,Constitución,1229,6378,14256,17747,18339
Santa Fe,Garay,133,716,3381,4827,4314
Santa Fe,General López,1856,13354,36915,44550,26609
Santa Fe,General Obligado,1185,8056,27734,38440,36272
Santa Fe,Iriondo,744,5710,11564,15749,11021
Santa Fe,La Capital,5661,25068,85542,97083,94217
Santa Fe,Las Colonias,766,6852,20094,28144,11560
Santa Fe,Rosario,19504,54449,203995,219820,262897
Santa Fe,San Cristóbal,416,5221,10545,14275,10249
Santa Fe,San Javier,166,1410,4519,5728,6710
Santa Fe,San Jerónimo,688,5278,13367,17065,13648
Santa Fe,San Justo,246,2680,7342,9888,6304
Santa Fe,San Lorenzo,2489,11091,26104,43498,35170
Santa Fe,San Martín,425,5984,11214,15461,7693
Santa Fe,Vera,291,2067,6780,9437,11957
Santiago del Estero,Aguirre,32,109,977,1142,3018
Santiago del Estero,Alberdi,44,84,459,1888,7279
Santiago del Estero,Atamisqui,46,105,236,1305,6477
Santiago del Estero,Avellaneda,133,199,730,2612,11407
Santiago del Estero,Banda,1385,2189,7840,24562,65175
Santiago del Estero,Belgrano,64,156,808,2532,2737
Santiago del Estero,Capital,3786,5020,22506,52471,114186
Santiago del Estero,Choya,331,887,1674,4345,17402
Santiago del Estero,Copo,157,304,910,3837,13970
Santiago del Estero,Figueroa,59,113,284,900,9736
Santiago del Estero,General Taboada,230,594,1866,6213,19011
Santiago del Estero,Guasayán,51,73,283,822,4441
Santiago del Estero,Jiménez,42,77,278,1287,7203
Santiago del Estero,Juan F. Ibarra,77,154,633,2035,7992
Santiago del Estero,Loreto,125,360,968,3416,9553
Santiago del Estero,Mitre,3,18,121,138,375
Santiago del Estero,Moreno,117,353,1361,5774,14830
Santiago del Estero,Ojo de Agua,68,470,805,2373,5931
Santiago del Estero,Pellegrini,54,131,611,2322,11086
Santiago del Estero,Quebrachos,64,319,604,1807,3143
Santiago del Estero,Rivadavia,22,132,669,909,1286
Santiago del Estero,Robles,236,569,2138,7612,21413
Santiago del Estero,Río Hondo,530,633,2183,8044,27974
Santiago del Estero,Salavina,31,88,267,1307,5135
Santiago del Estero,San Martín,35,60,161,652,4973
Santiago del Estero,Sarmiento,12,20,114,298,2012
Santiago del Estero,Silípica,51,88,275,741,5118
"Tierra del Fuego, Antártida e Islas del Atlántico Sur",Antártida Argentina,4,6,44,137,8
"Tierra del Fuego, Antártida e Islas del Atlántico Sur",Río Grande,2219,4576,7473,17943,23712
"Tierra del Fuego, Antártida e Islas del Atlántico Sur",Tolhuin,88,238,434,1883,1475
"Tierra del Fuego, Antártida e Islas del Atlántico Sur",Ushuaia,1780,4894,7924,15928,15353
Tucumán,Burruyacú,222,563,1956,7960,19127
Tucumán,Capital,6799,17570,70807,134068,124880
Tucumán,Chicligasta,590,2241,8898,18871,26068
Tucumán,Cruz Alta,2197,4207,11459,49213,75761
Tucumán,Famaillá,257,872,2143,9638,13591
Tucumán,Graneros,61,205,658,2113,7029
Tucumán,Juan Bautista Alberdi,173,694,2778,6909,10992
Tucumán,La Cocha,82,324,1218,4317,7961
Tucumán,Leales,275,992,5262,11221,23924
Tucumán,Lules,495,1918,5859,18228,20199
Tucumán,Monteros,449,1705,4300,13817,27605
Tucumán,Río Chico,373,1313,3504,11107,25969
Tucumán,Simoca,134,561,2053,6006,15310
Tucumán,Tafí Viejo,1784,4961,12111,41138,40079
Tucumán,Tafí del Valle,194,448,1098,3932,7003
Tucumán,Trancas,106,453,1236,4982,6585
Tucumán,Yerba Buena,961,3059,17790,22472,19062
